Workbook

Sheet Ввод
A1: Модель лиг — ввод
A2: Меняй только жёлтые ячейки с синим текстом. Остальные листы пересчитаются сами.
A3: Пример заполнения: внизу лестницы людей много, в Divine 7, в Immortal 3 — случай «верхние лиги почти пустые».
A4: Лига | B4: Активных игроков | C4: Целевая доля | D4: Доля новичков при калибровке
A5: Herald | B5: 30 | C5: 0.1 | D5: 0.3
A6: Guardian | B6: 45 | C6: 0.15 | D6: 0.2
A7: Crusader | B7: 60 | C7: 0.2 | D7: 0.2
A8: Archon | B8: 40 | C8: 0.2 | D8: 0.15
A9: Legend | B9: 25 | C9: 0.15 | D9: 0.15
A10: Ancient | B10: 12 | C10: 0.1 | D10: 0
A11: Divine | B11: 7 | C11: 0.07 | D11: 0
A12: Immortal | B12: 3 | C12: 0.03 | D12: 0
A13: Итого | B13: =SUM(B5:B12) -> 222 | C13: =SUM(C5:C12) -> 1 | D13: =SUM(D5:D12) -> 1 | E13: =IF(OR(ROUND(C13,4)<>1,ROUND(D13,4)<>1),"Доли должны давать в сумме 100%","")
A15: Параметры
A16: Размер группы (цель) | B16: 30 | C16: Группы делятся поровну, число групп = округлить(игроков / 30).
A17: Минимум игроков, чтобы лига играла своими группами | B17: 20 | C17: Меньше — лига играет в сводной таблице с соседней лигой ниже.
A18: Базовая зона повышения / вылета | B18: 0.2 | C18: Зона при точном попадании лиги в целевую долю.
A19: Минимальная зона | B19: 0.1
A20: Максимальная зона | B20: 0.3
A21: Чувствительность: сдвиг зоны при 100% недоборе | B21: 0.1 | C21: Лига пустая (недобор 100%) — зона в неё шире на это значение. Переполнена вдвое — уже на столько же.
A22: Immortal: минимум игроков для вылета | B22: 30 | C22: Меньше — из Immortal никто не вылетает.
A23: Новичков за раунд (для прогноза) | B23: 50 | C23: Распределяются по лигам по калибровке.
A24: Отток за раунд (для прогноза) | B24: 0.1 | C24: Доля игроков каждой лиги, которые не вернулись.

Sheet Группы
A1: Раунд по введённым числам: таблицы, группы, зоны
A2: Жёлтые строки — лиги в сводной таблице (в лиге меньше минимума). Перемещения — ожидаемые: считаем, что игроки каждой лиги распределены по таблице равномерно.
A4: Лига | B4: Активных | C4: Доля факт | D4: Цель | E4: Недобор | F4: Накопл. (служ.) | G4: Пул (служ.) | H4: Таблица № | I4: Играет вместе с | J4: Игроков в таблице | K4: Групп | L4: Размеры групп | M4: Зона повышения | N4: Зона вылета | O4: В каждой группе | P4: Поднимутся (ожид.) | Q4: Опустятся (ожид.) | R4: В следующем раунде
A5: =Ввод!A5 -> Herald | B5: =Ввод!B5 -> 30 | C5: =IF(SUM($B$5:$B$12)=0,0,B5/SUM($B$5:$B$12)) -> 0.13513514 | D5: =Ввод!C5 -> 0.1 | E5: =IF(D5=0,0,(D5-C5)/D5) -> -0.35135135 | F5: =B5 -> 30 | G5: 1 | H5: =IF(AND(G5=$G$11,$F$11<Ввод!$B$17,$G$11>1),$G$11-1,G5) -> 1 | I5: =IF(COUNTIF($H$5:$H$11,H5)=1,"своя таблица",_xlfn.TEXTJOIN(" + ",TRUE(),IF($H$5=H5,$A$5,""),IF($H$6=H5,$A$6,""),IF($H$7=H5,$A$7,""),IF($H$8=H5,$A$8,""),IF($H$9=H5,$A$9,""),IF($H$10=H5,$A$10,""),IF($H$11=H5,$A$11,""))) -> своя таблица | J5: =SUMIF($H$5:$H$11,H5,$B$5:$B$11) -> 30 | K5: =IF(J5=0,0,MAX(1,ROUND(J5/Ввод!$B$16,0))) -> 1 | L5: =IF(K5=0,"—",IF(MOD(J5,K5)=0,K5&" × "&J5/K5,MOD(J5,K5)&" × "&(INT(J5/K5)+1)&" + "&(K5-MOD(J5,K5))&" × "&INT(J5/K5))) -> 1 × 30 | M5: =MIN(Ввод!$B$20,MAX(Ввод!$B$19,Ввод!$B$18+Ввод!$B$21*E6)) -> 0.16486486 | N5: =0 -> 0 | O5: =IF(K5=0,"—","вверх "&ROUNDDOWN(SUMPRODUCT(($H$5:$H$11=H5)*$B$5:$B$11*$M$5:$M$11)/K5,0)&" / вниз "&ROUNDDOWN(SUMPRODUCT(($H$5:$H$11=H5)*$B$5:$B$11*$N$5:$N$11)/K5,0)) -> вверх 4 / вниз 0 | P5: =B5*M5 -> 4.9459459 | Q5: =B5*N5 -> 0 | R5: =B5-P5-Q5+Q6 -> 35.635135
A6: =Ввод!A6 -> Guardian | B6: =Ввод!B6 -> 45 | C6: =IF(SUM($B$5:$B$12)=0,0,B6/SUM($B$5:$B$12)) -> 0.2027027 | D6: =Ввод!C6 -> 0.15 | E6: =IF(D6=0,0,(D6-C6)/D6) -> -0.35135135 | F6: =IF(F5>=Ввод!$B$17,B6,F5+B6) -> 45 | G6: =IF(F5>=Ввод!$B$17,G5+1,G5) -> 2 | H6: =IF(AND(G6=$G$11,$F$11<Ввод!$B$17,$G$11>1),$G$11-1,G6) -> 2 | I6: =IF(COUNTIF($H$5:$H$11,H6)=1,"своя таблица",_xlfn.TEXTJOIN(" + ",TRUE(),IF($H$5=H6,$A$5,""),IF($H$6=H6,$A$6,""),IF($H$7=H6,$A$7,""),IF($H$8=H6,$A$8,""),IF($H$9=H6,$A$9,""),IF($H$10=H6,$A$10,""),IF($H$11=H6,$A$11,""))) -> своя таблица | J6: =SUMIF($H$5:$H$11,H6,$B$5:$B$11) -> 45 | K6: =IF(J6=0,0,MAX(1,ROUND(J6/Ввод!$B$16,0))) -> 2 | L6: =IF(K6=0,"—",IF(MOD(J6,K6)=0,K6&" × "&J6/K6,MOD(J6,K6)&" × "&(INT(J6/K6)+1)&" + "&(K6-MOD(J6,K6))&" × "&INT(J6/K6))) -> 1 × 23 + 1 × 22 | M6: =MIN(Ввод!$B$20,MAX(Ввод!$B$19,Ввод!$B$18+Ввод!$B$21*E7)) -> 0.16486486 | N6: =MIN(Ввод!$B$20,MAX(Ввод!$B$19,Ввод!$B$18-Ввод!$B$21*E6)) -> 0.23513514 | O6: =IF(K6=0,"—","вверх "&ROUNDDOWN(SUMPRODUCT(($H$5:$H$11=H6)*$B$5:$B$11*$M$5:$M$11)/K6,0)&" / вниз "&ROUNDDOWN(SUMPRODUCT(($H$5:$H$11=H6)*$B$5:$B$11*$N$5:$N$11)/K6,0)) -> вверх 3 / вниз 5 | P6: =B6*M6 -> 7.4189189 | Q6: =B6*N6 -> 10.581081 | R6: =B6-P6-Q6+P5+Q7 -> 46.054054
A7: =Ввод!A7 -> Crusader | B7: =Ввод!B7 -> 60 | C7: =IF(SUM($B$5:$B$12)=0,0,B7/SUM($B$5:$B$12)) -> 0.27027027 | D7: =Ввод!C7 -> 0.2 | E7: =IF(D7=0,0,(D7-C7)/D7) -> -0.35135135 | F7: =IF(F6>=Ввод!$B$17,B7,F6+B7) -> 60 | G7: =IF(F6>=Ввод!$B$17,G6+1,G6) -> 3 | H7: =IF(AND(G7=$G$11,$F$11<Ввод!$B$17,$G$11>1),$G$11-1,G7) -> 3 | I7: =IF(COUNTIF($H$5:$H$11,H7)=1,"своя таблица",_xlfn.TEXTJOIN(" + ",TRUE(),IF($H$5=H7,$A$5,""),IF($H$6=H7,$A$6,""),IF($H$7=H7,$A$7,""),IF($H$8=H7,$A$8,""),IF($H$9=H7,$A$9,""),IF($H$10=H7,$A$10,""),IF($H$11=H7,$A$11,""))) -> своя таблица | J7: =SUMIF($H$5:$H$11,H7,$B$5:$B$11) -> 60 | K7: =IF(J7=0,0,MAX(1,ROUND(J7/Ввод!$B$16,0))) -> 2 | L7: =IF(K7=0,"—",IF(MOD(J7,K7)=0,K7&" × "&J7/K7,MOD(J7,K7)&" × "&(INT(J7/K7)+1)&" + "&(K7-MOD(J7,K7))&" × "&INT(J7/K7))) -> 2 × 30 | M7: =MIN(Ввод!$B$20,MAX(Ввод!$B$19,Ввод!$B$18+Ввод!$B$21*E8)) -> 0.20990991 | N7: =MIN(Ввод!$B$20,MAX(Ввод!$B$19,Ввод!$B$18-Ввод!$B$21*E7)) -> 0.23513514 | O7: =IF(K7=0,"—","вверх "&ROUNDDOWN(SUMPRODUCT(($H$5:$H$11=H7)*$B$5:$B$11*$M$5:$M$11)/K7,0)&" / вниз "&ROUNDDOWN(SUMPRODUCT(($H$5:$H$11=H7)*$B$5:$B$11*$N$5:$N$11)/K7,0)) -> вверх 6 / вниз 7 | P7: =B7*M7 -> 12.594595 | Q7: =B7*N7 -> 14.108108 | R7: =B7-P7-Q7+P6+Q8 -> 48.31982
A8: =Ввод!A8 -> Archon | B8: =Ввод!B8 -> 40 | C8: =IF(SUM($B$5:$B$12)=0,0,B8/SUM($B$5:$B$12)) -> 0.18018018 | D8: =Ввод!C8 -> 0.2 | E8: =IF(D8=0,0,(D8-C8)/D8) -> 0.099099099 | F8: =IF(F7>=Ввод!$B$17,B8,F7+B8) -> 40 | G8: =IF(F7>=Ввод!$B$17,G7+1,G7) -> 4 | H8: =IF(AND(G8=$G$11,$F$11<Ввод!$B$17,$G$11>1),$G$11-1,G8) -> 4 | I8: =IF(COUNTIF($H$5:$H$11,H8)=1,"своя таблица",_xlfn.TEXTJOIN(" + ",TRUE(),IF($H$5=H8,$A$5,""),IF($H$6=H8,$A$6,""),IF($H$7=H8,$A$7,""),IF($H$8=H8,$A$8,""),IF($H$9=H8,$A$9,""),IF($H$10=H8,$A$10,""),IF($H$11=H8,$A$11,""))) -> своя таблица | J8: =SUMIF($H$5:$H$11,H8,$B$5:$B$11) -> 40 | K8: =IF(J8=0,0,MAX(1,ROUND(J8/Ввод!$B$16,0))) -> 1 | L8: =IF(K8=0,"—",IF(MOD(J8,K8)=0,K8&" × "&J8/K8,MOD(J8,K8)&" × "&(INT(J8/K8)+1)&" + "&(K8-MOD(J8,K8))&" × "&INT(J8/K8))) -> 1 × 40 | M8: =MIN(Ввод!$B$20,MAX(Ввод!$B$19,Ввод!$B$18+Ввод!$B$21*E9)) -> 0.22492492 | N8: =MIN(Ввод!$B$20,MAX(Ввод!$B$19,Ввод!$B$18-Ввод!$B$21*E8)) -> 0.19009009 | O8: =IF(K8=0,"—","вверх "&ROUNDDOWN(SUMPRODUCT(($H$5:$H$11=H8)*$B$5:$B$11*$M$5:$M$11)/K8,0)&" / вниз "&ROUNDDOWN(SUMPRODUCT(($H$5:$H$11=H8)*$B$5:$B$11*$N$5:$N$11)/K8,0)) -> вверх 8 / вниз 7 | P8: =B8*M8 -> 8.996997 | Q8: =B8*N8 -> 7.6036036 | R8: =B8-P8-Q8+P7+Q9 -> 40.370871
A9: =Ввод!A9 -> Legend | B9: =Ввод!B9 -> 25 | C9: =IF(SUM($B$5:$B$12)=0,0,B9/SUM($B$5:$B$12)) -> 0.11261261 | D9: =Ввод!C9 -> 0.15 | E9: =IF(D9=0,0,(D9-C9)/D9) -> 0.24924925 | F9: =IF(F8>=Ввод!$B$17,B9,F8+B9) -> 25 | G9: =IF(F8>=Ввод!$B$17,G8+1,G8) -> 5 | H9: =IF(AND(G9=$G$11,$F$11<Ввод!$B$17,$G$11>1),$G$11-1,G9) -> 5 | I9: =IF(COUNTIF($H$5:$H$11,H9)=1,"своя таблица",_xlfn.TEXTJOIN(" + ",TRUE(),IF($H$5=H9,$A$5,""),IF($H$6=H9,$A$6,""),IF($H$7=H9,$A$7,""),IF($H$8=H9,$A$8,""),IF($H$9=H9,$A$9,""),IF($H$10=H9,$A$10,""),IF($H$11=H9,$A$11,""))) -> Legend + Ancient + Divine | J9: =SUMIF($H$5:$H$11,H9,$B$5:$B$11) -> 44 | K9: =IF(J9=0,0,MAX(1,ROUND(J9/Ввод!$B$16,0))) -> 1 | L9: =IF(K9=0,"—",IF(MOD(J9,K9)=0,K9&" × "&J9/K9,MOD(J9,K9)&" × "&(INT(J9/K9)+1)&" + "&(K9-MOD(J9,K9))&" × "&INT(J9/K9))) -> 1 × 44 | M9: =MIN(Ввод!$B$20,MAX(Ввод!$B$19,Ввод!$B$18+Ввод!$B$21*E10)) -> 0.24594595 | N9: =MIN(Ввод!$B$20,MAX(Ввод!$B$19,Ввод!$B$18-Ввод!$B$21*E9)) -> 0.17507508 | O9: =IF(K9=0,"—","вверх "&ROUNDDOWN(SUMPRODUCT(($H$5:$H$11=H9)*$B$5:$B$11*$M$5:$M$11)/K9,0)&" / вниз "&ROUNDDOWN(SUMPRODUCT(($H$5:$H$11=H9)*$B$5:$B$11*$N$5:$N$11)/K9,0)) -> вверх 10 / вниз 7 | P9: =B9*M9 -> 6.1486486 | Q9: =B9*N9 -> 4.3768769 | R9: =B9-P9-Q9+P8+Q10 -> 25.32012
A10: =Ввод!A10 -> Ancient | B10: =Ввод!B10 -> 12 | C10: =IF(SUM($B$5:$B$12)=0,0,B10/SUM($B$5:$B$12)) -> 0.054054054 | D10: =Ввод!C10 -> 0.1 | E10: =IF(D10=0,0,(D10-C10)/D10) -> 0.45945946 | F10: =IF(F9>=Ввод!$B$17,B10,F9+B10) -> 12 | G10: =IF(F9>=Ввод!$B$17,G9+1,G9) -> 6 | H10: =IF(AND(G10=$G$11,$F$11<Ввод!$B$17,$G$11>1),$G$11-1,G10) -> 5 | I10: =IF(COUNTIF($H$5:$H$11,H10)=1,"своя таблица",_xlfn.TEXTJOIN(" + ",TRUE(),IF($H$5=H10,$A$5,""),IF($H$6=H10,$A$6,""),IF($H$7=H10,$A$7,""),IF($H$8=H10,$A$8,""),IF($H$9=H10,$A$9,""),IF($H$10=H10,$A$10,""),IF($H$11=H10,$A$11,""))) -> Legend + Ancient + Divine | J10: =SUMIF($H$5:$H$11,H10,$B$5:$B$11) -> 44 | K10: =IF(J10=0,0,MAX(1,ROUND(J10/Ввод!$B$16,0))) -> 1 | L10: =IF(K10=0,"—",IF(MOD(J10,K10)=0,K10&" × "&J10/K10,MOD(J10,K10)&" × "&(INT(J10/K10)+1)&" + "&(K10-MOD(J10,K10))&" × "&INT(J10/K10))) -> 1 × 44 | M10: =MIN(Ввод!$B$20,MAX(Ввод!$B$19,Ввод!$B$18+Ввод!$B$21*E11)) -> 0.25495495 | N10: =MIN(Ввод!$B$20,MAX(Ввод!$B$19,Ввод!$B$18-Ввод!$B$21*E10)) -> 0.15405405 | O10: =IF(K10=0,"—","вверх "&ROUNDDOWN(SUMPRODUCT(($H$5:$H$11=H10)*$B$5:$B$11*$M$5:$M$11)/K10,0)&" / вниз "&ROUNDDOWN(SUMPRODUCT(($H$5:$H$11=H10)*$B$5:$B$11*$N$5:$N$11)/K10,0)) -> вверх 10 / вниз 7 | P10: =B10*M10 -> 3.0594595 | Q10: =B10*N10 -> 1.8486486 | R10: =B10-P10-Q10+P9+Q11 -> 14.255856
A11: =Ввод!A11 -> Divine | B11: =Ввод!B11 -> 7 | C11: =IF(SUM($B$5:$B$12)=0,0,B11/SUM($B$5:$B$12)) -> 0.031531532 | D11: =Ввод!C11 -> 0.07 | E11: =IF(D11=0,0,(D11-C11)/D11) -> 0.54954955 | F11: =IF(F10>=Ввод!$B$17,B11,F10+B11) -> 19 | G11: =IF(F10>=Ввод!$B$17,G10+1,G10) -> 6 | H11: =IF(AND(G11=$G$11,$F$11<Ввод!$B$17,$G$11>1),$G$11-1,G11) -> 5 | I11: =IF(COUNTIF($H$5:$H$11,H11)=1,"своя таблица",_xlfn.TEXTJOIN(" + ",TRUE(),IF($H$5=H11,$A$5,""),IF($H$6=H11,$A$6,""),IF($H$7=H11,$A$7,""),IF($H$8=H11,$A$8,""),IF($H$9=H11,$A$9,""),IF($H$10=H11,$A$10,""),IF($H$11=H11,$A$11,""))) -> Legend + Ancient + Divine | J11: =SUMIF($H$5:$H$11,H11,$B$5:$B$11) -> 44 | K11: =IF(J11=0,0,MAX(1,ROUND(J11/Ввод!$B$16,0))) -> 1 | L11: =IF(K11=0,"—",IF(MOD(J11,K11)=0,K11&" × "&J11/K11,MOD(J11,K11)&" × "&(INT(J11/K11)+1)&" + "&(K11-MOD(J11,K11))&" × "&INT(J11/K11))) -> 1 × 44 | M11: =MIN(Ввод!$B$20,MAX(Ввод!$B$19,Ввод!$B$18+Ввод!$B$21*E12)) -> 0.25495495 | N11: =MIN(Ввод!$B$20,MAX(Ввод!$B$19,Ввод!$B$18-Ввод!$B$21*E11)) -> 0.14504505 | O11: =IF(K11=0,"—","вверх "&ROUNDDOWN(SUMPRODUCT(($H$5:$H$11=H11)*$B$5:$B$11*$M$5:$M$11)/K11,0)&" / вниз "&ROUNDDOWN(SUMPRODUCT(($H$5:$H$11=H11)*$B$5:$B$11*$N$5:$N$11)/K11,0)) -> вверх 10 / вниз 7 | P11: =B11*M11 -> 1.7846847 | Q11: =B11*N11 -> 1.0153153 | R11: =B11-P11-Q11+P10+Q12 -> 7.2594595
A12: =Ввод!A12 -> Immortal | B12: =Ввод!B12 -> 3 | C12: =IF(SUM($B$5:$B$12)=0,0,B12/SUM($B$5:$B$12)) -> 0.013513514 | D12: =Ввод!C12 -> 0.03 | E12: =IF(D12=0,0,(D12-C12)/D12) -> 0.54954955 | H12: — | I12: одна общая таблица | J12: =B12 -> 3 | K12: =IF(B12>0,1,0) -> 1 | L12: =IF(B12>0,B12&" (без групп)","—") -> 3 (без групп) | M12: =0 -> 0 | N12: =IF(B12<Ввод!$B$22,0,MIN(Ввод!$B$20,MAX(Ввод!$B$19,Ввод!$B$18-Ввод!$B$21*E12))) -> 0 | O12: ="вверх 0 / вниз "&ROUNDDOWN(B12*N12,0) -> вверх 0 / вниз 0 | P12: =B12*M12 -> 0 | Q12: =B12*N12 -> 0 | R12: =B12-P12-Q12+P11 -> 4.7846847
A13: Итого | B13: =SUM(B5:B12) -> 222 | C13: =SUM(C5:C12) -> 1 | J13: =SUM(B5:B12) -> 222 | P13: =SUM(P5:P12) -> 44.949249 | Q13: =SUM(Q5:Q12) -> 39.533634 | R13: =SUM(R5:R12) -> 222
A15: Как читать
A16: Недобор > 0 — в лиге меньше людей, чем по цели: зона повышения в неё шире, зона вылета из неё уже.
A17: Таблица № — лиги с одинаковым номером играют в одной сводной таблице; каждый игрок остаётся в своей лиге.
A18: Сводная таблица собирается снизу вверх: лиги копятся, пока не наберётся минимум; остаток сверху прилипает к таблице ниже.
A19: «В каждой группе» — сколько мест в зонах повышения и вылета в одной группе этой таблицы (округление вниз).
A20: «В следующем раунде» — без новичков и оттока; с ними — лист «Прогноз».

Sheet Прогноз
A1: Прогноз на 12 раундов
A2: Раунд 1 = ввод. Дальше: перемещения по зонам → отток → новички по калибровке. Числа ожидаемые (дробные), показаны округлёнными.
L3: Служебные колонки: недобор и зоны каждого раунда
A4: Раунд | B4: Herald | C4: Guardian | D4: Crusader | E4: Archon | F4: Legend | G4: Ancient | H4: Divine | I4: Immortal | J4: Всего | L4: Недобор Herald | M4: Недобор Guardian | N4: Недобор Crusader | O4: Недобор Archon | P4: Недобор Legend | Q4: Недобор Ancient | R4: Недобор Divine | S4: Недобор Immortal | U4: Вверх % Herald | V4: Вверх % Guardian | W4: Вверх % Crusader | X4: Вверх % Archon | Y4: Вверх % Legend | Z4: Вверх % Ancient | AA4: Вверх % Divine | AC4: Вниз % Guardian | AD4: Вниз % Crusader | AE4: Вниз % Archon | AF4: Вниз % Legend | AG4: Вниз % Ancient | AH4: Вниз % Divine | AI4: Вниз % Immortal
A5: 1 | B5: =Ввод!B5 -> 30 | C5: =Ввод!B6 -> 45 | D5: =Ввод!B7 -> 60 | E5: =Ввод!B8 -> 40 | F5: =Ввод!B9 -> 25 | G5: =Ввод!B10 -> 12 | H5: =Ввод!B11 -> 7 | I5: =Ввод!B12 -> 3 | J5: =SUM(B5:I5) -> 222 | L5: =IF(Ввод!$C$5=0,0,(Ввод!$C$5-IF($J5=0,0,B5/$J5))/Ввод!$C$5) -> -0.35135135 | M5: =IF(Ввод!$C$6=0,0,(Ввод!$C$6-IF($J5=0,0,C5/$J5))/Ввод!$C$6) -> -0.35135135 | N5: =IF(Ввод!$C$7=0,0,(Ввод!$C$7-IF($J5=0,0,D5/$J5))/Ввод!$C$7) -> -0.35135135 | O5: =IF(Ввод!$C$8=0,0,(Ввод!$C$8-IF($J5=0,0,E5/$J5))/Ввод!$C$8) -> 0.099099099 | P5: =IF(Ввод!$C$9=0,0,(Ввод!$C$9-IF($J5=0,0,F5/$J5))/Ввод!$C$9) -> 0.24924925 | Q5: =IF(Ввод!$C$10=0,0,(Ввод!$C$10-IF($J5=0,0,G5/$J5))/Ввод!$C$10) -> 0.45945946 | R5: =IF(Ввод!$C$11=0,0,(Ввод!$C$11-IF($J5=0,0,H5/$J5))/Ввод!$C$11) -> 0.54954955 | S5: =IF(Ввод!$C$12=0,0,(Ввод!$C$12-IF($J5=0,0,I5/$J5))/Ввод!$C$12) -> 0.54954955 | U5: =MIN(Ввод!$B$20,MAX(Ввод!$B$19,Ввод!$B$18+Ввод!$B$21*M5)) -> 0.16486486 | V5: =MIN(Ввод!$B$20,MAX(Ввод!$B$19,Ввод!$B$18+Ввод!$B$21*N5)) -> 0.16486486 | W5: =MIN(Ввод!$B$20,MAX(Ввод!$B$19,Ввод!$B$18+Ввод!$B$21*O5)) -> 0.20990991 | X5: =MIN(Ввод!$B$20,MAX(Ввод!$B$19,Ввод!$B$18+Ввод!$B$21*P5)) -> 0.22492492 | Y5: =MIN(Ввод!$B$20,MAX(Ввод!$B$19,Ввод!$B$18+Ввод!$B$21*Q5)) -> 0.24594595 | Z5: =MIN(Ввод!$B$20,MAX(Ввод!$B$19,Ввод!$B$18+Ввод!$B$21*R5)) -> 0.25495495 | AA5: =MIN(Ввод!$B$20,MAX(Ввод!$B$19,Ввод!$B$18+Ввод!$B$21*S5)) -> 0.25495495 | AC5: =MIN(Ввод!$B$20,MAX(Ввод!$B$19,Ввод!$B$18-Ввод!$B$21*M5)) -> 0.23513514 | AD5: =MIN(Ввод!$B$20,MAX(Ввод!$B$19,Ввод!$B$18-Ввод!$B$21*N5)) -> 0.23513514 | AE5: =MIN(Ввод!$B$20,MAX(Ввод!$B$19,Ввод!$B$18-Ввод!$B$21*O5)) -> 0.19009009 | AF5: =MIN(Ввод!$B$20,MAX(Ввод!$B$19,Ввод!$B$18-Ввод!$B$21*P5)) -> 0.17507508 | AG5: =MIN(Ввод!$B$20,MAX(Ввод!$B$19,Ввод!$B$18-Ввод!$B$21*Q5)) -> 0.15405405 | AH5: =MIN(Ввод!$B$20,MAX(Ввод!$B$19,Ввод!$B$18-Ввод!$B$21*R5)) -> 0.14504505 | AI5: =IF(I5<Ввод!$B$22,0,MIN(Ввод!$B$20,MAX(Ввод!$B$19,Ввод!$B$18-Ввод!$B$21*S5))) -> 0
A6: 2 | B6: =(B5-B5*U5+C5*AC5)*(1-Ввод!$B$24)+Ввод!$B$23*Ввод!$D$5 -> 47.071622 | C6: =(C5-C5*V5-C5*AC5+B5*U5+D5*AD5)*(1-Ввод!$B$24)+Ввод!$B$23*Ввод!$D$6 -> 51.448649 | D6: =(D5-D5*W5-D5*AD5+C5*V5+E5*AE5)*(1-Ввод!$B$24)+Ввод!$B$23*Ввод!$D$7 -> 53.487838 | E6: =(E5-E5*X5-E5*AE5+D5*W5+F5*AF5)*(1-Ввод!$B$24)+Ввод!$B$23*Ввод!$D$8 -> 43.833784 | F6: =(F5-F5*Y5-F5*AF5+E5*X5+G5*AG5)*(1-Ввод!$B$24)+Ввод!$B$23*Ввод!$D$9 -> 30.288108 | G6: =(G5-G5*Z5-G5*AG5+F5*Y5+H5*AH5)*(1-Ввод!$B$24)+Ввод!$B$23*Ввод!$D$10 -> 12.83027 | H6: =(H5-H5*AA5-H5*AH5+G5*Z5+I5*AI5)*(1-Ввод!$B$24)+Ввод!$B$23*Ввод!$D$11 -> 6.5335135 | I6: =(I5-I5*AI5+H5*AA5)*(1-Ввод!$B$24)+Ввод!$B$23*Ввод!$D$12 -> 4.3062162 | J6: =SUM(B6:I6) -> 249.8 | L6: =IF(Ввод!$C$5=0,0,(Ввод!$C$5-IF($J6=0,0,B6/$J6))/Ввод!$C$5) -> -0.88437236 | M6: =IF(Ввод!$C$6=0,0,(Ввод!$C$6-IF($J6=0,0,C6/$J6))/Ввод!$C$6) -> -0.37306241 | N6: =IF(Ввод!$C$7=0,0,(Ввод!$C$7-IF($J6=0,0,D6/$J6))/Ввод!$C$7) -> -0.070613247 | O6: =IF(Ввод!$C$8=0,0,(Ввод!$C$8-IF($J6=0,0,E6/$J6))/Ввод!$C$8) -> 0.12262242 | P6: =IF(Ввод!$C$9=0,0,(Ввод!$C$9-IF($J6=0,0,F6/$J6))/Ввод!$C$9) -> 0.19167045 | Q6: =IF(Ввод!$C$10=0,0,(Ввод!$C$10-IF($J6=0,0,G6/$J6))/Ввод!$C$10) -> 0.48637829 | R6: =IF(Ввод!$C$11=0,0,(Ввод!$C$11-IF($J6=0,0,H6/$J6))/Ввод!$C$11) -> 0.62635746 | S6: =IF(Ввод!$C$12=0,0,(Ввод!$C$12-IF($J6=0,0,I6/$J6))/Ввод!$C$12) -> 0.42537814 | U6: =MIN(Ввод!$B$20,MAX(Ввод!$B$19,Ввод!$B$18+Ввод!$B$21*M6)) -> 0.16269376 | V6: =MIN(Ввод!$B$20,MAX(Ввод!$B$19,Ввод!$B$18+Ввод!$B$21*N6)) -> 0.19293868 | W6: =MIN(Ввод!$B$20,MAX(Ввод!$B$19,Ввод!$B$18+Ввод!$B$21*O6)) -> 0.21226224 | X6: =MIN(Ввод!$B$20,MAX(Ввод!$B$19,Ввод!$B$18+Ввод!$B$21*P6)) -> 0.21916705 | Y6: =MIN(Ввод!$B$20,MAX(Ввод!$B$19,Ввод!$B$18+Ввод!$B$21*Q6)) -> 0.24863783 | Z6: =MIN(Ввод!$B$20,MAX(Ввод!$B$19,Ввод!$B$18+Ввод!$B$21*R6)) -> 0.26263575 | AA6: =MIN(Ввод!$B$20,MAX(Ввод!$B$19,Ввод!$B$18+Ввод!$B$21*S6)) -> 0.24253781 | AC6: =MIN(Ввод!$B$20,MAX(Ввод!$B$19,Ввод!$B$18-Ввод!$B$21*M6)) -> 0.23730624 | AD6: =MIN(Ввод!$B$20,MAX(Ввод!$B$19,Ввод!$B$18-Ввод!$B$21*N6)) -> 0.20706132 | AE6: =MIN(Ввод!$B$20,MAX(Ввод!$B$19,Ввод!$B$18-Ввод!$B$21*O6)) -> 0.18773776 | AF6: =MIN(Ввод!$B$20,MAX(Ввод!$B$19,Ввод!$B$18-Ввод!$B$21*P6)) -> 0.18083295 | AG6: =MIN(Ввод!$B$20,MAX(Ввод!$B$19,Ввод!$B$18-Ввод!$B$21*Q6)) -> 0.15136217 | AH6: =MIN(Ввод!$B$20,MAX(Ввод!$B$19,Ввод!$B$18-Ввод!$B$21*R6)) -> 0.13736425 | AI6: =IF(I6<Ввод!$B$22,0,MIN(Ввод!$B$20,MAX(Ввод!$B$19,Ввод!$B$18-Ввод!$B$21*S6))) -> 0
A7: 3 | B7: =(B6-B6*U6+C6*AC6)*(1-Ввод!$B$24)+Ввод!$B$23*Ввод!$D$5 -> 61.460203 | C7: =(C6-C6*V6-C6*AC6+B6*U6+D6*AD6)*(1-Ввод!$B$24)+Ввод!$B$23*Ввод!$D$6 -> 53.241986 | D7: =(D6-D6*W6-D6*AD6+C6*V6+E6*AE6)*(1-Ввод!$B$24)+Ввод!$B$23*Ввод!$D$7 -> 54.293336 | E7: =(E6-E6*X6-E6*AE6+D6*W6+F6*AF6)*(1-Ввод!$B$24)+Ввод!$B$23*Ввод!$D$8 -> 46.045329 | F7: =(F6-F6*Y6-F6*AF6+E6*X6+G6*AG6)*(1-Ввод!$B$24)+Ввод!$B$23*Ввод!$D$9 -> 33.44627 | G7: =(G6-G6*Z6-G6*AG6+F6*Y6+H6*AH6)*(1-Ввод!$B$24)+Ввод!$B$23*Ввод!$D$10 -> 14.352125 | H7: =(H6-H6*AA6-H6*AH6+G6*Z6+I6*AI6)*(1-Ввод!$B$24)+Ввод!$B$23*Ввод!$D$11 -> 6.6789952 | I7: =(I6-I6*AI6+H6*AA6)*(1-Ввод!$B$24)+Ввод!$B$23*Ввод!$D$12 -> 5.3017563 | J7: =SUM(B7:I7) -> 274.82 | L7: =IF(Ввод!$C$5=0,0,(Ввод!$C$5-IF($J7=0,0,B7/$J7))/Ввод!$C$5) -> -1.2363803 | M7: =IF(Ввод!$C$6=0,0,(Ввод!$C$6-IF($J7=0,0,C7/$J7))/Ввод!$C$6) -> -0.29156019 | N7: =IF(Ввод!$C$7=0,0,(Ввод!$C$7-IF($J7=0,0,D7/$J7))/Ввод!$C$7) -> 0.012201886 | O7: =IF(Ввод!$C$8=0,0,(Ввод!$C$8-IF($J7=0,0,E7/$J7))/Ввод!$C$8) -> 0.16226387 | P7: =IF(Ввод!$C$9=0,0,(Ввод!$C$9-IF($J7=0,0,F7/$J7))/Ввод!$C$9) -> 0.18865027 | Q7: =IF(Ввод!$C$10=0,0,(Ввод!$C$10-IF($J7=0,0,G7/$J7))/Ввод!$C$10) -> 0.47776271 | R7: =IF(Ввод!$C$11=0,0,(Ввод!$C$11-IF($J7=0,0,H7/$J7))/Ввод!$C$11) -> 0.65281196 | S7: =IF(Ввод!$C$12=0,0,(Ввод!$C$12-IF($J7=0,0,I7/$J7))/Ввод!$C$12) -> 0.35694197 | U7: =MIN(Ввод!$B$20,MAX(Ввод!$B$19,Ввод!$B$18+Ввод!$B$21*M7)) -> 0.17084398 | V7: =MIN(Ввод!$B$20,MAX(Ввод!$B$19,Ввод!$B$18+Ввод!$B$21*N7)) -> 0.20122019 | W7: =MIN(Ввод!$B$20,MAX(Ввод!$B$19,Ввод!$B$18+Ввод!$B$21*O7)) -> 0.21622639 | X7: =MIN(Ввод!$B$20,MAX(Ввод!$B$19,Ввод!$B$18+Ввод!$B$21*P7)) -> 0.21886503 | Y7: =MIN(Ввод!$B$20,MAX(Ввод!$B$19,Ввод!$B$18+Ввод!$B$21*Q7)) -> 0.24777627 | Z7: =MIN(Ввод!$B$20,MAX(Ввод!$B$19,Ввод!$B$18+Ввод!$B$21*R7)) -> 0.2652812 | AA7: =MIN(Ввод!$B$20,MAX(Ввод!$B$19,Ввод!$B$18+Ввод!$B$21*S7)) -> 0.2356942 | AC7: =MIN(Ввод!$B$20,MAX(Ввод!$B$19,Ввод!$B$18-Ввод!$B$21*M7)) -> 0.22915602 | AD7: =MIN(Ввод!$B$20,MAX(Ввод!$B$19,Ввод!$B$18-Ввод!$B$21*N7)) -> 0.19877981 | AE7: =MIN(Ввод!$B$20,MAX(Ввод!$B$19,Ввод!$B$18-Ввод!$B$21*O7)) -> 0.18377361 | AF7: =MIN(Ввод!$B$20,MAX(Ввод!$B$19,Ввод!$B$18-Ввод!$B$21*P7)) -> 0.18113497 | AG7: =MIN(Ввод!$B$20,MAX(Ввод!$B$19,Ввод!$B$18-Ввод!$B$21*Q7)) -> 0.15222373 | AH7: =MIN(Ввод!$B$20,MAX(Ввод!$B$19,Ввод!$B$18-Ввод!$B$21*R7)) -> 0.1347188 | AI7: =IF(I7<Ввод!$B$22,0,MIN(Ввод!$B$20,MAX(Ввод!$B$19,Ввод!$B$18-Ввод!$B$21*S7))) -> 0
A8: 4 | B8: =(B7-B7*U7+C7*AC7)*(1-Ввод!$B$24)+Ввод!$B$23*Ввод!$D$5 -> 71.844737 | C8: =(C7-C7*V7-C7*AC7+B7*U7+D7*AD7)*(1-Ввод!$B$24)+Ввод!$B$23*Ввод!$D$6 -> 56.458384 | D8: =(D7-D7*W7-D7*AD7+C7*V7+E7*AE7)*(1-Ввод!$B$24)+Ввод!$B$23*Ввод!$D$7 -> 55.842889 | E8: =(E7-E7*X7-E7*AE7+D7*W7+F7*AF7)*(1-Ввод!$B$24)+Ввод!$B$23*Ввод!$D$8 -> 48.273277 | F8: =(F7-F7*Y7-F7*AF7+E7*X7+G7*AG7)*(1-Ввод!$B$24)+Ввод!$B$23*Ввод!$D$9 -> 35.726911 | G8: =(G7-G7*Z7-G7*AG7+F7*Y7+H7*AH7)*(1-Ввод!$B$24)+Ввод!$B$23*Ввод!$D$10 -> 15.792319 | H8: =(H7-H7*AA7-H7*AH7+G7*Z7+I7*AI7)*(1-Ввод!$B$24)+Ввод!$B$23*Ввод!$D$11 -> 7.2111218 | I8: =(I7-I7*AI7+H7*AA7)*(1-Ввод!$B$24)+Ввод!$B$23*Ввод!$D$12 -> 6.188361 | J8: =SUM(B8:I8) -> 297.338 | L8: =IF(Ввод!$C$5=0,0,(Ввод!$C$5-IF($J8=0,0,B8/$J8))/Ввод!$C$5) -> -1.4162649 | M8: =IF(Ввод!$C$6=0,0,(Ввод!$C$6-IF($J8=0,0,C8/$J8))/Ввод!$C$6) -> -0.26586318 | N8: =IF(Ввод!$C$7=0,0,(Ввод!$C$7-IF($J8=0,0,D8/$J8))/Ввод!$C$7) -> 0.060952699 | O8: =IF(Ввод!$C$8=0,0,(Ввод!$C$8-IF($J8=0,0,E8/$J8))/Ввод!$C$8) -> 0.18824239 | P8: =IF(Ввод!$C$9=0,0,(Ввод!$C$9-IF($J8=0,0,F8/$J8))/Ввод!$C$9) -> 0.19896075 | Q8: =IF(Ввод!$C$10=0,0,(Ввод!$C$10-IF($J8=0,0,G8/$J8))/Ввод!$C$10) -> 0.46887655 | R8: =IF(Ввод!$C$11=0,0,(Ввод!$C$11-IF($J8=0,0,H8/$J8))/Ввод!$C$11) -> 0.65353899 | S8: =IF(Ввод!$C$12=0,0,(Ввод!$C$12-IF($J8=0,0,I8/$J8))/Ввод!$C$12) -> 0.30624844 | U8: =MIN(Ввод!$B$20,MAX(Ввод!$B$19,Ввод!$B$18+Ввод!$B$21*M8)) -> 0.17341368 | V8: =MIN(Ввод!$B$20,MAX(Ввод!$B$19,Ввод!$B$18+Ввод!$B$21*N8)) -> 0.20609527 | W8: =MIN(Ввод!$B$20,MAX(Ввод!$B$19,Ввод!$B$18+Ввод!$B$21*O8)) -> 0.21882424 | X8: =MIN(Ввод!$B$20,MAX(Ввод!$B$19,Ввод!$B$18+Ввод!$B$21*P8)) -> 0.21989607 | Y8: =MIN(Ввод!$B$20,MAX(Ввод!$B$19,Ввод!$B$18+Ввод!$B$21*Q8)) -> 0.24688765 | Z8: =MIN(Ввод!$B$20,MAX(Ввод!$B$19,Ввод!$B$18+Ввод!$B$21*R8)) -> 0.2653539 | AA8: =MIN(Ввод!$B$20,MAX(Ввод!$B$19,Ввод!$B$18+Ввод!$B$21*S8)) -> 0.23062484 | AC8: =MIN(Ввод!$B$20,MAX(Ввод!$B$19,Ввод!$B$18-Ввод!$B$21*M8)) -> 0.22658632 | AD8: =MIN(Ввод!$B$20,MAX(Ввод!$B$19,Ввод!$B$18-Ввод!$B$21*N8)) -> 0.19390473 | AE8: =MIN(Ввод!$B$20,MAX(Ввод!$B$19,Ввод!$B$18-Ввод!$B$21*O8)) -> 0.18117576 | AF8: =MIN(Ввод!$B$20,MAX(Ввод!$B$19,Ввод!$B$18-Ввод!$B$21*P8)) -> 0.18010393 | AG8: =MIN(Ввод!$B$20,MAX(Ввод!$B$19,Ввод!$B$18-Ввод!$B$21*Q8)) -> 0.15311235 | AH8: =MIN(Ввод!$B$20,MAX(Ввод!$B$19,Ввод!$B$18-Ввод!$B$21*R8)) -> 0.1346461 | AI8: =IF(I8<Ввод!$B$22,0,MIN(Ввод!$B$20,MAX(Ввод!$B$19,Ввод!$B$18-Ввод!$B$21*S8))) -> 0
A9: 5 | B9: =(B8-B8*U8+C8*AC8)*(1-Ввод!$B$24)+Ввод!$B$23*Ввод!$D$5 -> 79.960717 | C9: =(C8-C8*V8-C8*AC8+B8*U8+D8*AD8)*(1-Ввод!$B$24)+Ввод!$B$23*Ввод!$D$6 -> 59.785247 | D9: =(D8-D8*W8-D8*AD8+C8*V8+E8*AE8)*(1-Ввод!$B$24)+Ввод!$B$23*Ввод!$D$7 -> 57.858998 | E9: =(E8-E8*X8-E8*AE8+D8*W8+F8*AF8)*(1-Ввод!$B$24)+Ввод!$B$23*Ввод!$D$8 -> 50.309904 | F9: =(F8-F8*Y8-F8*AF8+E8*X8+G8*AG8)*(1-Ввод!$B$24)+Ввод!$B$23*Ввод!$D$9 -> 37.654432 | G9: =(G8-G8*Z8-G8*AG8+F8*Y8+H8*AH8)*(1-Ввод!$B$24)+Ввод!$B$23*Ввод!$D$10 -> 17.077724 | H9: =(H8-H8*AA8-H8*AH8+G8*Z8+I8*AI8)*(1-Ввод!$B$24)+Ввод!$B$23*Ввод!$D$11 -> 7.8908956 | I9: =(I8-I8*AI8+H8*AA8)*(1-Ввод!$B$24)+Ввод!$B$23*Ввод!$D$12 -> 7.0662824 | J9: =SUM(B9:I9) -> 317.6042 | L9: =IF(Ввод!$C$5=0,0,(Ввод!$C$5-IF($J9=0,0,B9/$J9))/Ввод!$C$5) -> -1.5176215 | M9: =IF(Ввод!$C$6=0,0,(Ввод!$C$6-IF($J9=0,0,C9/$J9))/Ввод!$C$6) -> -0.25492143 | N9: =IF(Ввод!$C$7=0,0,(Ввод!$C$7-IF($J9=0,0,D9/$J9))/Ввод!$C$7) -> 0.089133609 | O9: =IF(Ввод!$C$8=0,0,(Ввод!$C$8-IF($J9=0,0,E9/$J9))/Ввод!$C$8) -> 0.20797798 | P9: =IF(Ввод!$C$9=0,0,(Ввод!$C$9-IF($J9=0,0,F9/$J9))/Ввод!$C$9) -> 0.20961516 | Q9: =IF(Ввод!$C$10=0,0,(Ввод!$C$10-IF($J9=0,0,G9/$J9))/Ввод!$C$10) -> 0.46229539 | R9: =IF(Ввод!$C$11=0,0,(Ввод!$C$11-IF($J9=0,0,H9/$J9))/Ввод!$C$11) -> 0.64507056 | S9: =IF(Ввод!$C$12=0,0,(Ввод!$C$12-IF($J9=0,0,I9/$J9))/Ввод!$C$12) -> 0.25837648 | U9: =MIN(Ввод!$B$20,MAX(Ввод!$B$19,Ввод!$B$18+Ввод!$B$21*M9)) -> 0.17450786 | V9: =MIN(Ввод!$B$20,MAX(Ввод!$B$19,Ввод!$B$18+Ввод!$B$21*N9)) -> 0.20891336 | W9: =MIN(Ввод!$B$20,MAX(Ввод!$B$19,Ввод!$B$18+Ввод!$B$21*O9)) -> 0.2207978 | X9: =MIN(Ввод!$B$20,MAX(Ввод!$B$19,Ввод!$B$18+Ввод!$B$21*P9)) -> 0.22096152 | Y9: =MIN(Ввод!$B$20,MAX(Ввод!$B$19,Ввод!$B$18+Ввод!$B$21*Q9)) -> 0.24622954 | Z9: =MIN(Ввод!$B$20,MAX(Ввод!$B$19,Ввод!$B$18+Ввод!$B$21*R9)) -> 0.26450706 | AA9: =MIN(Ввод!$B$20,MAX(Ввод!$B$19,Ввод!$B$18+Ввод!$B$21*S9)) -> 0.22583765 | AC9: =MIN(Ввод!$B$20,MAX(Ввод!$B$19,Ввод!$B$18-Ввод!$B$21*M9)) -> 0.22549214 | AD9: =MIN(Ввод!$B$20,MAX(Ввод!$B$19,Ввод!$B$18-Ввод!$B$21*N9)) -> 0.19108664 | AE9: =MIN(Ввод!$B$20,MAX(Ввод!$B$19,Ввод!$B$18-Ввод!$B$21*O9)) -> 0.1792022 | AF9: =MIN(Ввод!$B$20,MAX(Ввод!$B$19,Ввод!$B$18-Ввод!$B$21*P9)) -> 0.17903848 | AG9: =MIN(Ввод!$B$20,MAX(Ввод!$B$19,Ввод!$B$18-Ввод!$B$21*Q9)) -> 0.15377046 | AH9: =MIN(Ввод!$B$20,MAX(Ввод!$B$19,Ввод!$B$18-Ввод!$B$21*R9)) -> 0.13549294 | AI9: =IF(I9<Ввод!$B$22,0,MIN(Ввод!$B$20,MAX(Ввод!$B$19,Ввод!$B$18-Ввод!$B$21*S9))) -> 0
A10: 6 | B10: =(B9-B9*U9+C9*AC9)*(1-Ввод!$B$24)+Ввод!$B$23*Ввод!$D$5 -> 86.539242 | C10: =(C9-C9*V9-C9*AC9+B9*U9+D9*AD9)*(1-Ввод!$B$24)+Ввод!$B$23*Ввод!$D$6 -> 62.941656 | D10: =(D9-D9*W9-D9*AD9+C9*V9+E9*AE9)*(1-Ввод!$B$24)+Ввод!$B$23*Ввод!$D$7 -> 59.980024 | E10: =(E9-E9*X9-E9*AE9+D9*W9+F9*AF9)*(1-Ввод!$B$24)+Ввод!$B$23*Ввод!$D$8 -> 52.224994 | F10: =(F9-F9*Y9-F9*AF9+E9*X9+G9*AG9)*(1-Ввод!$B$24)+Ввод!$B$23*Ввод!$D$9 -> 39.345427 | G10: =(G9-G9*Z9-G9*AG9+F9*Y9+H9*AH9)*(1-Ввод!$B$24)+Ввод!$B$23*Ввод!$D$10 -> 18.247761 | H10: =(H9-H9*AA9-H9*AH9+G9*Z9+I9*AI9)*(1-Ввод!$B$24)+Ввод!$B$23*Ввод!$D$11 -> 8.601167 | I10: =(I9-I9*AI9+H9*AA9)*(1-Ввод!$B$24)+Ввод!$B$23*Ввод!$D$12 -> 7.9635093 | J10: =SUM(B10:I10) -> 335.84378 | L10: =IF(Ввод!$C$5=0,0,(Ввод!$C$5-IF($J10=0,0,B10/$J10))/Ввод!$C$5) -> -1.5767707 | M10: =IF(Ввод!$C$6=0,0,(Ввод!$C$6-IF($J10=0,0,C10/$J10))/Ввод!$C$6) -> -0.24942328 | N10: =IF(Ввод!$C$7=0,0,(Ввод!$C$7-IF($J10=0,0,D10/$J10))/Ввод!$C$7) -> 0.10702494 | O10: =IF(Ввод!$C$8=0,0,(Ввод!$C$8-IF($J10=0,0,E10/$J10))/Ввод!$C$8) -> 0.22248085 | P10: =IF(Ввод!$C$9=0,0,(Ввод!$C$9-IF($J10=0,0,F10/$J10))/Ввод!$C$9) -> 0.21897363 | Q10: =IF(Ввод!$C$10=0,0,(Ввод!$C$10-IF($J10=0,0,G10/$J10))/Ввод!$C$10) -> 0.45665925 | R10: =IF(Ввод!$C$11=0,0,(Ввод!$C$11-IF($J10=0,0,H10/$J10))/Ввод!$C$11) -> 0.63413402 | S10: =IF(Ввод!$C$12=0,0,(Ввод!$C$12-IF($J10=0,0,I10/$J10))/Ввод!$C$12) -> 0.20960183 | U10: =MIN(Ввод!$B$20,MAX(Ввод!$B$19,Ввод!$B$18+Ввод!$B$21*M10)) -> 0.17505767 | V10: =MIN(Ввод!$B$20,MAX(Ввод!$B$19,Ввод!$B$18+Ввод!$B$21*N10)) -> 0.21070249 | W10: =MIN(Ввод!$B$20,MAX(Ввод!$B$19,Ввод!$B$18+Ввод!$B$21*O10)) -> 0.22224809 | X10: =MIN(Ввод!$B$20,MAX(Ввод!$B$19,Ввод!$B$18+Ввод!$B$21*P10)) -> 0.22189736 | Y10: =MIN(Ввод!$B$20,MAX(Ввод!$B$19,Ввод!$B$18+Ввод!$B$21*Q10)) -> 0.24566592 | Z10: =MIN(Ввод!$B$20,MAX(Ввод!$B$19,Ввод!$B$18+Ввод!$B$21*R10)) -> 0.2634134 | AA10: =MIN(Ввод!$B$20,MAX(Ввод!$B$19,Ввод!$B$18+Ввод!$B$21*S10)) -> 0.22096018 | AC10: =MIN(Ввод!$B$20,MAX(Ввод!$B$19,Ввод!$B$18-Ввод!$B$21*M10)) -> 0.22494233 | AD10: =MIN(Ввод!$B$20,MAX(Ввод!$B$19,Ввод!$B$18-Ввод!$B$21*N10)) -> 0.18929751 | AE10: =MIN(Ввод!$B$20,MAX(Ввод!$B$19,Ввод!$B$18-Ввод!$B$21*O10)) -> 0.17775191 | AF10: =MIN(Ввод!$B$20,MAX(Ввод!$B$19,Ввод!$B$18-Ввод!$B$21*P10)) -> 0.17810264 | AG10: =MIN(Ввод!$B$20,MAX(Ввод!$B$19,Ввод!$B$18-Ввод!$B$21*Q10)) -> 0.15433408 | AH10: =MIN(Ввод!$B$20,MAX(Ввод!$B$19,Ввод!$B$18-Ввод!$B$21*R10)) -> 0.1365866 | AI10: =IF(I10<Ввод!$B$22,0,MIN(Ввод!$B$20,MAX(Ввод!$B$19,Ввод!$B$18-Ввод!$B$21*S10))) -> 0
A11: 7 | B11: =(B10-B10*U10+C10*AC10)*(1-Ввод!$B$24)+Ввод!$B$23*Ввод!$D$5 -> 91.993314 | C11: =(C10-C10*V10-C10*AC10+B10*U10+D10*AD10)*(1-Ввод!$B$24)+Ввод!$B$23*Ввод!$D$6 -> 65.822389 | D11: =(D10-D10*W10-D10*AD10+C10*V10+E10*AE10)*(1-Ввод!$B$24)+Ввод!$B$23*Ввод!$D$7 -> 62.056509 | E11: =(E10-E10*X10-E10*AE10+D10*W10+F10*AF10)*(1-Ввод!$B$24)+Ввод!$B$23*Ввод!$D$8 -> 54.022154 | F11: =(F10-F10*Y10-F10*AF10+E10*X10+G10*AG10)*(1-Ввод!$B$24)+Ввод!$B$23*Ввод!$D$9 -> 40.869221 | G11: =(G10-G10*Z10-G10*AG10+F10*Y10+H10*AH10)*(1-Ввод!$B$24)+Ввод!$B$23*Ввод!$D$10 -> 19.318896 | H11: =(H10-H10*AA10-H10*AH10+G10*Z10+I10*AI10)*(1-Ввод!$B$24)+Ввод!$B$23*Ввод!$D$11 -> 9.299297 | I11: =(I10-I10*AI10+H10*AA10)*(1-Ввод!$B$24)+Ввод!$B$23*Ввод!$D$12 -> 8.8776223 | J11: =SUM(B11:I11) -> 352.2594 | L11: =IF(Ввод!$C$5=0,0,(Ввод!$C$5-IF($J11=0,0,B11/$J11))/Ввод!$C$5) -> -1.6115219 | M11: =IF(Ввод!$C$6=0,0,(Ввод!$C$6-IF($J11=0,0,C11/$J11))/Ввод!$C$6) -> -0.24571813 | N11: =IF(Ввод!$C$7=0,0,(Ввод!$C$7-IF($J11=0,0,D11/$J11))/Ввод!$C$7) -> 0.11916461 | O11: =IF(Ввод!$C$8=0,0,(Ввод!$C$8-IF($J11=0,0,E11/$J11))/Ввод!$C$8) -> 0.23320493 | P11: =IF(Ввод!$C$9=0,0,(Ввод!$C$9-IF($J11=0,0,F11/$J11))/Ввод!$C$9) -> 0.22653173 | Q11: =IF(Ввод!$C$10=0,0,(Ввод!$C$10-IF($J11=0,0,G11/$J11))/Ввод!$C$10) -> 0.45157189 | R11: =IF(Ввод!$C$11=0,0,(Ввод!$C$11-IF($J11=0,0,H11/$J11))/Ввод!$C$11) -> 0.62287139 | S11: =IF(Ввод!$C$12=0,0,(Ввод!$C$12-IF($J11=0,0,I11/$J11))/Ввод!$C$12) -> 0.15993515 | U11: =MIN(Ввод!$B$20,MAX(Ввод!$B$19,Ввод!$B$18+Ввод!$B$21*M11)) -> 0.17542819 | V11: =MIN(Ввод!$B$20,MAX(Ввод!$B$19,Ввод!$B$18+Ввод!$B$21*N11)) -> 0.21191646 | W11: =MIN(Ввод!$B$20,MAX(Ввод!$B$19,Ввод!$B$18+Ввод!$B$21*O11)) -> 0.22332049 | X11: =MIN(Ввод!$B$20,MAX(Ввод!$B$19,Ввод!$B$18+Ввод!$B$21*P11)) -> 0.22265317 | Y11: =MIN(Ввод!$B$20,MAX(Ввод!$B$19,Ввод!$B$18+Ввод!$B$21*Q11)) -> 0.24515719 | Z11: =MIN(Ввод!$B$20,MAX(Ввод!$B$19,Ввод!$B$18+Ввод!$B$21*R11)) -> 0.26228714 | AA11: =MIN(Ввод!$B$20,MAX(Ввод!$B$19,Ввод!$B$18+Ввод!$B$21*S11)) -> 0.21599352 | AC11: =MIN(Ввод!$B$20,MAX(Ввод!$B$19,Ввод!$B$18-Ввод!$B$21*M11)) -> 0.22457181 | AD11: =MIN(Ввод!$B$20,MAX(Ввод!$B$19,Ввод!$B$18-Ввод!$B$21*N11)) -> 0.18808354 | AE11: =MIN(Ввод!$B$20,MAX(Ввод!$B$19,Ввод!$B$18-Ввод!$B$21*O11)) -> 0.17667951 | AF11: =MIN(Ввод!$B$20,MAX(Ввод!$B$19,Ввод!$B$18-Ввод!$B$21*P11)) -> 0.17734683 | AG11: =MIN(Ввод!$B$20,MAX(Ввод!$B$19,Ввод!$B$18-Ввод!$B$21*Q11)) -> 0.15484281 | AH11: =MIN(Ввод!$B$20,MAX(Ввод!$B$19,Ввод!$B$18-Ввод!$B$21*R11)) -> 0.13771286 | AI11: =IF(I11<Ввод!$B$22,0,MIN(Ввод!$B$20,MAX(Ввод!$B$19,Ввод!$B$18-Ввод!$B$21*S11))) -> 0
A12: 8 | B12: =(B11-B11*U11+C11*AC11)*(1-Ввод!$B$24)+Ввод!$B$23*Ввод!$D$5 -> 96.573252 | C12: =(C11-C11*V11-C11*AC11+B11*U11+D11*AD11)*(1-Ввод!$B$24)+Ввод!$B$23*Ввод!$D$6 -> 68.411544 | D12: =(D11-D11*W11-D11*AD11+C11*V11+E11*AE11)*(1-Ввод!$B$24)+Ввод!$B$23*Ввод!$D$7 -> 64.0177 | E12: =(E11-E11*X11-E11*AE11+D11*W11+F11*AF11)*(1-Ввод!$B$24)+Ввод!$B$23*Ввод!$D$8 -> 55.700274 | F12: =(F11-F11*Y11-F11*AF11+E11*X11+G11*AG11)*(1-Ввод!$B$24)+Ввод!$B$23*Ввод!$D$9 -> 42.259266 | G12: =(G11-G11*Z11-G11*AG11+F11*Y11+H11*AH11)*(1-Ввод!$B$24)+Ввод!$B$23*Ввод!$D$10 -> 20.30438 | H12: =(H11-H11*AA11-H11*AH11+G11*Z11+I11*AI11)*(1-Ввод!$B$24)+Ввод!$B$23*Ввод!$D$11 -> 9.9694569 | I12: =(I11-I11*AI11+H11*AA11)*(1-Ввод!$B$24)+Ввод!$B$23*Ввод!$D$12 -> 9.7975891 | J12: =SUM(B12:I12) -> 367.03346 | L12: =IF(Ввод!$C$5=0,0,(Ввод!$C$5-IF($J12=0,0,B12/$J12))/Ввод!$C$5) -> -1.6311839 | M12: =IF(Ввод!$C$6=0,0,(Ввод!$C$6-IF($J12=0,0,C12/$J12))/Ввод!$C$6) -> -0.24260322 | N12: =IF(Ввод!$C$7=0,0,(Ввод!$C$7-IF($J12=0,0,D12/$J12))/Ввод!$C$7) -> 0.12790377 | O12: =IF(Ввод!$C$8=0,0,(Ввод!$C$8-IF($J12=0,0,E12/$J12))/Ввод!$C$8) -> 0.24120987 | P12: =IF(Ввод!$C$9=0,0,(Ввод!$C$9-IF($J12=0,0,F12/$J12))/Ввод!$C$9) -> 0.23241755 | Q12: =IF(Ввод!$C$10=0,0,(Ввод!$C$10-IF($J12=0,0,G12/$J12))/Ввод!$C$10) -> 0.44679759 | R12: =IF(Ввод!$C$11=0,0,(Ввод!$C$11-IF($J12=0,0,H12/$J12))/Ввод!$C$11) -> 0.61196777 | S12: =IF(Ввод!$C$12=0,0,(Ввод!$C$12-IF($J12=0,0,I12/$J12))/Ввод!$C$12) -> 0.11020019 | U12: =MIN(Ввод!$B$20,MAX(Ввод!$B$19,Ввод!$B$18+Ввод!$B$21*M12)) -> 0.17573968 | V12: =MIN(Ввод!$B$20,MAX(Ввод!$B$19,Ввод!$B$18+Ввод!$B$21*N12)) -> 0.21279038 | W12: =MIN(Ввод!$B$20,MAX(Ввод!$B$19,Ввод!$B$18+Ввод!$B$21*O12)) -> 0.22412099 | X12: =MIN(Ввод!$B$20,MAX(Ввод!$B$19,Ввод!$B$18+Ввод!$B$21*P12)) -> 0.22324176 | Y12: =MIN(Ввод!$B$20,MAX(Ввод!$B$19,Ввод!$B$18+Ввод!$B$21*Q12)) -> 0.24467976 | Z12: =MIN(Ввод!$B$20,MAX(Ввод!$B$19,Ввод!$B$18+Ввод!$B$21*R12)) -> 0.26119678 | AA12: =MIN(Ввод!$B$20,MAX(Ввод!$B$19,Ввод!$B$18+Ввод!$B$21*S12)) -> 0.21102002 | AC12: =MIN(Ввод!$B$20,MAX(Ввод!$B$19,Ввод!$B$18-Ввод!$B$21*M12)) -> 0.22426032 | AD12: =MIN(Ввод!$B$20,MAX(Ввод!$B$19,Ввод!$B$18-Ввод!$B$21*N12)) -> 0.18720962 | AE12: =MIN(Ввод!$B$20,MAX(Ввод!$B$19,Ввод!$B$18-Ввод!$B$21*O12)) -> 0.17587901 | AF12: =MIN(Ввод!$B$20,MAX(Ввод!$B$19,Ввод!$B$18-Ввод!$B$21*P12)) -> 0.17675824 | AG12: =MIN(Ввод!$B$20,MAX(Ввод!$B$19,Ввод!$B$18-Ввод!$B$21*Q12)) -> 0.15532024 | AH12: =MIN(Ввод!$B$20,MAX(Ввод!$B$19,Ввод!$B$18-Ввод!$B$21*R12)) -> 0.13880322 | AI12: =IF(I12<Ввод!$B$22,0,MIN(Ввод!$B$20,MAX(Ввод!$B$19,Ввод!$B$18-Ввод!$B$21*S12))) -> 0
A13: 9 | B13: =(B12-B12*U12+C12*AC12)*(1-Ввод!$B$24)+Ввод!$B$23*Ввод!$D$5 -> 100.44915 | C13: =(C12-C12*V12-C12*AC12+B12*U12+D12*AD12)*(1-Ввод!$B$24)+Ввод!$B$23*Ввод!$D$6 -> 70.721841 | D13: =(D12-D12*W12-D12*AD12+C12*V12+E12*AE12)*(1-Ввод!$B$24)+Ввод!$B$23*Ввод!$D$7 -> 65.835179 | E13: =(E12-E12*X12-E12*AE12+D12*W12+F12*AF12)*(1-Ввод!$B$24)+Ввод!$B$23*Ввод!$D$8 -> 57.257869 | F13: =(F12-F12*Y12-F12*AF12+E12*X12+G12*AG12)*(1-Ввод!$B$24)+Ввод!$B$23*Ввод!$D$9 -> 43.534122 | G13: =(G12-G12*Z12-G12*AG12+F12*Y12+H12*AH12)*(1-Ввод!$B$24)+Ввод!$B$23*Ввод!$D$10 -> 21.213936 | H13: =(H12-H12*AA12-H12*AH12+G12*Z12+I12*AI12)*(1-Ввод!$B$24)+Ввод!$B$23*Ввод!$D$11 -> 10.606813 | I13: =(I12-I12*AI12+H12*AA12)*(1-Ввод!$B$24)+Ввод!$B$23*Ввод!$D$12 -> 10.71121 | J13: =SUM(B13:I13) -> 380.33012 | L13: =IF(Ввод!$C$5=0,0,(Ввод!$C$5-IF($J13=0,0,B13/$J13))/Ввод!$C$5) -> -1.6411042 | M13: =IF(Ввод!$C$6=0,0,(Ввод!$C$6-IF($J13=0,0,C13/$J13))/Ввод!$C$6) -> -0.23965714 | N13: =IF(Ввод!$C$7=0,0,(Ввод!$C$7-IF($J13=0,0,D13/$J13))/Ввод!$C$7) -> 0.13449953 | O13: =IF(Ввод!$C$8=0,0,(Ввод!$C$8-IF($J13=0,0,E13/$J13))/Ввод!$C$8) -> 0.24726091 | P13: =IF(Ввод!$C$9=0,0,(Ввод!$C$9-IF($J13=0,0,F13/$J13))/Ввод!$C$9) -> 0.23690639 | Q13: =IF(Ввод!$C$10=0,0,(Ввод!$C$10-IF($J13=0,0,G13/$J13))/Ввод!$C$10) -> 0.44222309 | R13: =IF(Ввод!$C$11=0,0,(Ввод!$C$11-IF($J13=0,0,H13/$J13))/Ввод!$C$11) -> 0.60159374 | S13: =IF(Ввод!$C$12=0,0,(Ввод!$C$12-IF($J13=0,0,I13/$J13))/Ввод!$C$12) -> 0.061235733 | U13: =MIN(Ввод!$B$20,MAX(Ввод!$B$19,Ввод!$B$18+Ввод!$B$21*M13)) -> 0.17603429 | V13: =MIN(Ввод!$B$20,MAX(Ввод!$B$19,Ввод!$B$18+Ввод!$B$21*N13)) -> 0.21344995 | W13: =MIN(Ввод!$B$20,MAX(Ввод!$B$19,Ввод!$B$18+Ввод!$B$21*O13)) -> 0.22472609 | X13: =MIN(Ввод!$B$20,MAX(Ввод!$B$19,Ввод!$B$18+Ввод!$B$21*P13)) -> 0.22369064 | Y13: =MIN(Ввод!$B$20,MAX(Ввод!$B$19,Ввод!$B$18+Ввод!$B$21*Q13)) -> 0.24422231 | Z13: =MIN(Ввод!$B$20,MAX(Ввод!$B$19,Ввод!$B$18+Ввод!$B$21*R13)) -> 0.26015937 | AA13: =MIN(Ввод!$B$20,MAX(Ввод!$B$19,Ввод!$B$18+Ввод!$B$21*S13)) -> 0.20612357 | AC13: =MIN(Ввод!$B$20,MAX(Ввод!$B$19,Ввод!$B$18-Ввод!$B$21*M13)) -> 0.22396571 | AD13: =MIN(Ввод!$B$20,MAX(Ввод!$B$19,Ввод!$B$18-Ввод!$B$21*N13)) -> 0.18655005 | AE13: =MIN(Ввод!$B$20,MAX(Ввод!$B$19,Ввод!$B$18-Ввод!$B$21*O13)) -> 0.17527391 | AF13: =MIN(Ввод!$B$20,MAX(Ввод!$B$19,Ввод!$B$18-Ввод!$B$21*P13)) -> 0.17630936 | AG13: =MIN(Ввод!$B$20,MAX(Ввод!$B$19,Ввод!$B$18-Ввод!$B$21*Q13)) -> 0.15577769 | AH13: =MIN(Ввод!$B$20,MAX(Ввод!$B$19,Ввод!$B$18-Ввод!$B$21*R13)) -> 0.13984063 | AI13: =IF(I13<Ввод!$B$22,0,MIN(Ввод!$B$20,MAX(Ввод!$B$19,Ввод!$B$18-Ввод!$B$21*S13))) -> 0
A14: 10 | B14: =(B13-B13*U13+C13*AC13)*(1-Ввод!$B$24)+Ввод!$B$23*Ввод!$D$5 -> 103.74533 | C14: =(C13-C13*V13-C13*AC13+B13*U13+D13*AD13)*(1-Ввод!$B$24)+Ввод!$B$23*Ввод!$D$6 -> 72.775944 | D14: =(D13-D13*W13-D13*AD13+C13*V13+E13*AE13)*(1-Ввод!$B$24)+Ввод!$B$23*Ввод!$D$7 -> 67.501113 | E14: =(E13-E13*X13-E13*AE13+D13*W13+F13*AF13)*(1-Ввод!$B$24)+Ввод!$B$23*Ввод!$D$8 -> 58.695928 | F14: =(F13-F13*Y13-F13*AF13+E13*X13+G13*AG13)*(1-Ввод!$B$24)+Ввод!$B$23*Ввод!$D$9 -> 44.705417 | G14: =(G13-G13*Z13-G13*AG13+F13*Y13+H13*AH13)*(1-Ввод!$B$24)+Ввод!$B$23*Ввод!$D$10 -> 22.054987 | H14: =(H13-H13*AA13-H13*AH13+G13*Z13+I13*AI13)*(1-Ввод!$B$24)+Ввод!$B$23*Ввод!$D$11 -> 11.210616 | I14: =(I13-I13*AI13+H13*AA13)*(1-Ввод!$B$24)+Ввод!$B$23*Ввод!$D$12 -> 11.607771 | J14: =SUM(B14:I14) -> 392.2971 | L14: =IF(Ввод!$C$5=0,0,(Ввод!$C$5-IF($J14=0,0,B14/$J14))/Ввод!$C$5) -> -1.6445601 | M14: =IF(Ввод!$C$6=0,0,(Ввод!$C$6-IF($J14=0,0,C14/$J14))/Ввод!$C$6) -> -0.23674877 | N14: =IF(Ввод!$C$7=0,0,(Ввод!$C$7-IF($J14=0,0,D14/$J14))/Ввод!$C$7) -> 0.13966848 | O14: =IF(Ввод!$C$8=0,0,(Ввод!$C$8-IF($J14=0,0,E14/$J14))/Ввод!$C$8) -> 0.25189445 | P14: =IF(Ввод!$C$9=0,0,(Ввод!$C$9-IF($J14=0,0,F14/$J14))/Ввод!$C$9) -> 0.2402796 | Q14: =IF(Ввод!$C$10=0,0,(Ввод!$C$10-IF($J14=0,0,G14/$J14))/Ввод!$C$10) -> 0.43779889 | R14: =IF(Ввод!$C$11=0,0,(Ввод!$C$11-IF($J14=0,0,H14/$J14))/Ввод!$C$11) -> 0.59175928 | S14: =IF(Ввод!$C$12=0,0,(Ввод!$C$12-IF($J14=0,0,I14/$J14))/Ввод!$C$12) -> 0.013692145 | U14: =MIN(Ввод!$B$20,MAX(Ввод!$B$19,Ввод!$B$18+Ввод!$B$21*M14)) -> 0.17632512 | V14: =MIN(Ввод!$B$20,MAX(Ввод!$B$19,Ввод!$B$18+Ввод!$B$21*N14)) -> 0.21396685 | W14: =MIN(Ввод!$B$20,MAX(Ввод!$B$19,Ввод!$B$18+Ввод!$B$21*O14)) -> 0.22518944 | X14: =MIN(Ввод!$B$20,MAX(Ввод!$B$19,Ввод!$B$18+Ввод!$B$21*P14)) -> 0.22402796 | Y14: =MIN(Ввод!$B$20,MAX(Ввод!$B$19,Ввод!$B$18+Ввод!$B$21*Q14)) -> 0.24377989 | Z14: =MIN(Ввод!$B$20,MAX(Ввод!$B$19,Ввод!$B$18+Ввод!$B$21*R14)) -> 0.25917593 | AA14: =MIN(Ввод!$B$20,MAX(Ввод!$B$19,Ввод!$B$18+Ввод!$B$21*S14)) -> 0.20136921 | AC14: =MIN(Ввод!$B$20,MAX(Ввод!$B$19,Ввод!$B$18-Ввод!$B$21*M14)) -> 0.22367488 | AD14: =MIN(Ввод!$B$20,MAX(Ввод!$B$19,Ввод!$B$18-Ввод!$B$21*N14)) -> 0.18603315 | AE14: =MIN(Ввод!$B$20,MAX(Ввод!$B$19,Ввод!$B$18-Ввод!$B$21*O14)) -> 0.17481056 | AF14: =MIN(Ввод!$B$20,MAX(Ввод!$B$19,Ввод!$B$18-Ввод!$B$21*P14)) -> 0.17597204 | AG14: =MIN(Ввод!$B$20,MAX(Ввод!$B$19,Ввод!$B$18-Ввод!$B$21*Q14)) -> 0.15622011 | AH14: =MIN(Ввод!$B$20,MAX(Ввод!$B$19,Ввод!$B$18-Ввод!$B$21*R14)) -> 0.14082407 | AI14: =IF(I14<Ввод!$B$22,0,MIN(Ввод!$B$20,MAX(Ввод!$B$19,Ввод!$B$18-Ввод!$B$21*S14))) -> 0
A15: 11 | B15: =(B14-B14*U14+C14*AC14)*(1-Ввод!$B$24)+Ввод!$B$23*Ввод!$D$5 -> 106.55751 | C15: =(C14-C14*V14-C14*AC14+B14*U14+D14*AD14)*(1-Ввод!$B$24)+Ввод!$B$23*Ввод!$D$6 -> 74.598856 | D15: =(D14-D14*W14-D14*AD14+C14*V14+E14*AE14)*(1-Ввод!$B$24)+Ввод!$B$23*Ввод!$D$7 -> 69.017893 | E15: =(E14-E14*X14-E14*AE14+D14*W14+F14*AF14)*(1-Ввод!$B$24)+Ввод!$B$23*Ввод!$D$8 -> 60.017856 | F15: =(F14-F14*Y14-F14*AF14+E14*X14+G14*AG14)*(1-Ввод!$B$24)+Ввод!$B$23*Ввод!$D$9 -> 45.781674 | G15: =(G14-G14*Z14-G14*AG14+F14*Y14+H14*AH14)*(1-Ввод!$B$24)+Ввод!$B$23*Ввод!$D$10 -> 22.833395 | H15: =(H14-H14*AA14-H14*AH14+G14*Z14+I14*AI14)*(1-Ввод!$B$24)+Ввод!$B$23*Ввод!$D$11 -> 11.781486 | I15: =(I14-I14*AI14+H14*AA14)*(1-Ввод!$B$24)+Ввод!$B$23*Ввод!$D$12 -> 12.47872 | J15: =SUM(B15:I15) -> 403.06739 | L15: =IF(Ввод!$C$5=0,0,(Ввод!$C$5-IF($J15=0,0,B15/$J15))/Ввод!$C$5) -> -1.6436649 | M15: =IF(Ввод!$C$6=0,0,(Ввод!$C$6-IF($J15=0,0,C15/$J15))/Ввод!$C$6) -> -0.23385249 | N15: =IF(Ввод!$C$7=0,0,(Ввод!$C$7-IF($J15=0,0,D15/$J15))/Ввод!$C$7) -> 0.14384177 | O15: =IF(Ввод!$C$8=0,0,(Ввод!$C$8-IF($J15=0,0,E15/$J15))/Ввод!$C$8) -> 0.2554861 | P15: =IF(Ввод!$C$9=0,0,(Ввод!$C$9-IF($J15=0,0,F15/$J15))/Ввод!$C$9) -> 0.24277883 | Q15: =IF(Ввод!$C$10=0,0,(Ввод!$C$10-IF($J15=0,0,G15/$J15))/Ввод!$C$10) -> 0.43350925 | R15: =IF(Ввод!$C$11=0,0,(Ввод!$C$11-IF($J15=0,0,H15/$J15))/Ввод!$C$11) -> 0.58243474 | S15: =IF(Ввод!$C$12=0,0,(Ввод!$C$12-IF($J15=0,0,I15/$J15))/Ввод!$C$12) -> -0.031979606 | U15: =MIN(Ввод!$B$20,MAX(Ввод!$B$19,Ввод!$B$18+Ввод!$B$21*M15)) -> 0.17661475 | V15: =MIN(Ввод!$B$20,MAX(Ввод!$B$19,Ввод!$B$18+Ввод!$B$21*N15)) -> 0.21438418 | W15: =MIN(Ввод!$B$20,MAX(Ввод!$B$19,Ввод!$B$18+Ввод!$B$21*O15)) -> 0.22554861 | X15: =MIN(Ввод!$B$20,MAX(Ввод!$B$19,Ввод!$B$18+Ввод!$B$21*P15)) -> 0.22427788 | Y15: =MIN(Ввод!$B$20,MAX(Ввод!$B$19,Ввод!$B$18+Ввод!$B$21*Q15)) -> 0.24335093 | Z15: =MIN(Ввод!$B$20,MAX(Ввод!$B$19,Ввод!$B$18+Ввод!$B$21*R15)) -> 0.25824347 | AA15: =MIN(Ввод!$B$20,MAX(Ввод!$B$19,Ввод!$B$18+Ввод!$B$21*S15)) -> 0.19680204 | AC15: =MIN(Ввод!$B$20,MAX(Ввод!$B$19,Ввод!$B$18-Ввод!$B$21*M15)) -> 0.22338525 | AD15: =MIN(Ввод!$B$20,MAX(Ввод!$B$19,Ввод!$B$18-Ввод!$B$21*N15)) -> 0.18561582 | AE15: =MIN(Ввод!$B$20,MAX(Ввод!$B$19,Ввод!$B$18-Ввод!$B$21*O15)) -> 0.17445139 | AF15: =MIN(Ввод!$B$20,MAX(Ввод!$B$19,Ввод!$B$18-Ввод!$B$21*P15)) -> 0.17572212 | AG15: =MIN(Ввод!$B$20,MAX(Ввод!$B$19,Ввод!$B$18-Ввод!$B$21*Q15)) -> 0.15664907 | AH15: =MIN(Ввод!$B$20,MAX(Ввод!$B$19,Ввод!$B$18-Ввод!$B$21*R15)) -> 0.14175653 | AI15: =IF(I15<Ввод!$B$22,0,MIN(Ввод!$B$20,MAX(Ввод!$B$19,Ввод!$B$18-Ввод!$B$21*S15))) -> 0
A16: 12 | B16: =(B15-B15*U15+C15*AC15)*(1-Ввод!$B$24)+Ввод!$B$23*Ввод!$D$5 -> 108.96195 | C16: =(C15-C15*V15-C15*AC15+B15*U15+D15*AD15)*(1-Ввод!$B$24)+Ввод!$B$23*Ввод!$D$6 -> 76.21498 | D16: =(D15-D15*W15-D15*AD15+C15*V15+E15*AE15)*(1-Ввод!$B$24)+Ввод!$B$23*Ввод!$D$7 -> 70.392883 | E16: =(E15-E15*X15-E15*AE15+D15*W15+F15*AF15)*(1-Ввод!$B$24)+Ввод!$B$23*Ввод!$D$8 -> 61.22885 | F16: =(F15-F15*Y15-F15*AF15+E15*X15+G15*AG15)*(1-Ввод!$B$24)+Ввод!$B$23*Ввод!$D$9 -> 46.769985 | G16: =(G15-G15*Z15-G15*AG15+F15*Y15+H15*AH15)*(1-Ввод!$B$24)+Ввод!$B$23*Ввод!$D$10 -> 23.553994 | H16: =(H15-H15*AA15-H15*AH15+G15*Z15+I15*AI15)*(1-Ввод!$B$24)+Ввод!$B$23*Ввод!$D$11 -> 12.320404 | I16: =(I15-I15*AI15+H15*AA15)*(1-Ввод!$B$24)+Ввод!$B$23*Ввод!$D$12 -> 13.317606 | J16: =SUM(B16:I16) -> 412.76065 | L16: =IF(Ввод!$C$5=0,0,(Ввод!$C$5-IF($J16=0,0,B16/$J16))/Ввод!$C$5) -> -1.6398338 | M16: =IF(Ввод!$C$6=0,0,(Ввод!$C$6-IF($J16=0,0,C16/$J16))/Ввод!$C$6) -> -0.2309794 | N16: =IF(Ввод!$C$7=0,0,(Ввод!$C$7-IF($J16=0,0,D16/$J16))/Ввод!$C$7) -> 0.14729175 | O16: =IF(Ввод!$C$8=0,0,(Ввод!$C$8-IF($J16=0,0,E16/$J16))/Ввод!$C$8) -> 0.25830079 | P16: =IF(Ввод!$C$9=0,0,(Ввод!$C$9-IF($J16=0,0,F16/$J16))/Ввод!$C$9) -> 0.24459879 | Q16: =IF(Ввод!$C$10=0,0,(Ввод!$C$10-IF($J16=0,0,G16/$J16))/Ввод!$C$10) -> 0.42935466 | R16: =IF(Ввод!$C$11=0,0,(Ввод!$C$11-IF($J16=0,0,H16/$J16))/Ввод!$C$11) -> 0.57358877 | S16: =IF(Ввод!$C$12=0,0,(Ввод!$C$12-IF($J16=0,0,I16/$J16))/Ввод!$C$12) -> -0.075490617 | U16: =MIN(Ввод!$B$20,MAX(Ввод!$B$19,Ввод!$B$18+Ввод!$B$21*M16)) -> 0.17690206 | V16: =MIN(Ввод!$B$20,MAX(Ввод!$B$19,Ввод!$B$18+Ввод!$B$21*N16)) -> 0.21472918 | W16: =MIN(Ввод!$B$20,MAX(Ввод!$B$19,Ввод!$B$18+Ввод!$B$21*O16)) -> 0.22583008 | X16: =MIN(Ввод!$B$20,MAX(Ввод!$B$19,Ввод!$B$18+Ввод!$B$21*P16)) -> 0.22445988 | Y16: =MIN(Ввод!$B$20,MAX(Ввод!$B$19,Ввод!$B$18+Ввод!$B$21*Q16)) -> 0.24293547 | Z16: =MIN(Ввод!$B$20,MAX(Ввод!$B$19,Ввод!$B$18+Ввод!$B$21*R16)) -> 0.25735888 | AA16: =MIN(Ввод!$B$20,MAX(Ввод!$B$19,Ввод!$B$18+Ввод!$B$21*S16)) -> 0.19245094 | AC16: =MIN(Ввод!$B$20,MAX(Ввод!$B$19,Ввод!$B$18-Ввод!$B$21*M16)) -> 0.22309794 | AD16: =MIN(Ввод!$B$20,MAX(Ввод!$B$19,Ввод!$B$18-Ввод!$B$21*N16)) -> 0.18527082 | AE16: =MIN(Ввод!$B$20,MAX(Ввод!$B$19,Ввод!$B$18-Ввод!$B$21*O16)) -> 0.17416992 | AF16: =MIN(Ввод!$B$20,MAX(Ввод!$B$19,Ввод!$B$18-Ввод!$B$21*P16)) -> 0.17554012 | AG16: =MIN(Ввод!$B$20,MAX(Ввод!$B$19,Ввод!$B$18-Ввод!$B$21*Q16)) -> 0.15706453 | AH16: =MIN(Ввод!$B$20,MAX(Ввод!$B$19,Ввод!$B$18-Ввод!$B$21*R16)) -> 0.14264112 | AI16: =IF(I16<Ввод!$B$22,0,MIN(Ввод!$B$20,MAX(Ввод!$B$19,Ввод!$B$18-Ввод!$B$21*S16))) -> 0
A19: Раунд 12: факт против цели
A20: Лига | B20: Игроков | C20: Доля | D20: Цель | E20: Отклонение
A21: Herald | B21: =B16 -> 108.96195 | C21: =IF($J$16=0,0,B21/$J$16) -> 0.26398338 | D21: =Ввод!C5 -> 0.1 | E21: =C21-D21 -> 0.16398338
A22: Guardian | B22: =C16 -> 76.21498 | C22: =IF($J$16=0,0,B22/$J$16) -> 0.18464691 | D22: =Ввод!C6 -> 0.15 | E22: =C22-D22 -> 0.03464691
A23: Crusader | B23: =D16 -> 70.392883 | C23: =IF($J$16=0,0,B23/$J$16) -> 0.17054165 | D23: =Ввод!C7 -> 0.2 | E23: =C23-D23 -> -0.02945835
A24: Archon | B24: =E16 -> 61.22885 | C24: =IF($J$16=0,0,B24/$J$16) -> 0.14833984 | D24: =Ввод!C8 -> 0.2 | E24: =C24-D24 -> -0.051660158
A25: Legend | B25: =F16 -> 46.769985 | C25: =IF($J$16=0,0,B25/$J$16) -> 0.11331018 | D25: =Ввод!C9 -> 0.15 | E25: =C25-D25 -> -0.036689818
A26: Ancient | B26: =G16 -> 23.553994 | C26: =IF($J$16=0,0,B26/$J$16) -> 0.057064534 | D26: =Ввод!C10 -> 0.1 | E26: =C26-D26 -> -0.042935466
A27: Divine | B27: =H16 -> 12.320404 | C27: =IF($J$16=0,0,B27/$J$16) -> 0.029848786 | D27: =Ввод!C11 -> 0.07 | E27: =C27-D27 -> -0.040151214
A28: Immortal | B28: =I16 -> 13.317606 | C28: =IF($J$16=0,0,B28/$J$16) -> 0.032264719 | D28: =Ввод!C12 -> 0.03 | E28: =C28-D28 -> 0.0022647185
